nome,nota
Fulano1,1
Fulano2,2
Fulano3,3
Fulano4,4
Fulano5,5
Fulano6,6
Fulano7,7
Fulano8,8
Fulano9,9
Fulano10,10
Fulano11,11
Fulano12,12
Fulano13,13
Fulano14,14
Fulano15,15
Fulano16,16
Fulano17,17
Fulano18,18
Fulano19,19
Fulano20,20
Fulano21,21
Fulano22,22
Fulano23,23
Fulano24,24
Fulano25,25
Fulano26,26
Fulano27,27
Fulano28,28
Fulano29,29
Fulano30,30
Fulano31,31
Fulano32,32
Fulano33,33
Fulano34,34
Fulano35,35
Fulano36,36
Fulano37,37
Fulano38,38
Fulano39,39
Fulano40,40
Fulano41,41
Fulano42,42
Fulano43,43
Fulano44,44
Fulano45,45
Fulano46,46
Fulano47,47
Fulano48,48
Fulano49,49
Fulano50,50
Fulano51,51
Fulano52,52
Fulano53,53
Fulano54,54
Fulano55,55
Fulano56,56
Fulano57,57
Fulano58,58
Fulano59,59
Fulano60,60
Fulano61,61
Fulano62,62
Fulano63,63
Fulano64,64
Fulano65,65
Fulano66,66
Fulano67,67
Fulano68,68
Fulano69,69
Fulano70,70
Fulano71,71
Fulano72,72
Fulano73,73
Fulano74,74
Fulano75,75
Fulano76,76
Fulano77,77
Fulano78,78
Fulano79,79
Fulano80,80
Fulano81,81
Fulano82,82
Fulano83,83
Fulano84,84
Fulano85,85
Fulano86,86
Fulano87,87
Fulano88,88
Fulano89,89
Fulano90,90
Fulano91,91
Fulano92,92
Fulano93,93
Fulano94,94
Fulano95,95
Fulano96,96
Fulano97,97
Fulano98,98
Fulano99,99
Fulano100,100
Fulano101,101
Fulano102,102
Fulano103,103
Fulano104,104
Fulano105,105
Fulano106,106
Fulano107,107
Fulano108,108
Fulano109,109
Fulano110,110
Fulano111,111
Fulano112,112
Fulano113,113
Fulano114,114
Fulano115,115
Fulano116,116
Fulano117,117
Fulano118,118
Fulano119,119
Fulano120,120
Fulano121,121
Fulano122,122
Fulano123,123
Fulano124,124
Fulano125,125
Fulano126,126
Fulano127,127
Fulano128,128
Fulano129,129
Fulano130,130
Fulano131,131
Fulano132,132
Fulano133,133
Fulano134,134
Fulano135,135
Fulano136,136
Fulano137,137
Fulano138,138
Fulano139,139
Fulano140,140
Fulano141,141
Fulano142,142
Fulano143,143
Fulano144,144
Fulano145,145
Fulano146,146
Fulano147,147
Fulano148,148
Fulano149,149
Fulano150,150
Fulano151,151
Fulano152,152
Fulano153,153
Fulano154,154
Fulano155,155
Fulano156,156
Fulano157,157
Fulano158,158
Fulano159,159
Fulano160,160
Fulano161,161
Fulano162,162
Fulano163,163
Fulano164,164
Fulano165,165
Fulano166,166
Fulano167,167
Fulano168,168
Fulano169,169
Fulano170,170
Fulano171,171
Fulano172,172
Fulano173,173
Fulano174,174
Fulano175,175
Fulano176,176
Fulano177,177
Fulano178,178
Fulano179,179
Fulano180,180
Fulano181,181
Fulano182,182
Fulano183,183
Fulano184,184
Fulano185,185
Fulano186,186
Fulano187,187
Fulano188,188
Fulano189,189
Fulano190,190
Fulano191,191
Fulano192,192
Fulano193,193
Fulano194,194
Fulano195,195
Fulano196,196
Fulano197,197
Fulano198,198
Fulano199,199
Fulano200,200
Fulano201,201
Fulano202,202
Fulano203,203
Fulano204,204
Fulano205,205
Fulano206,206
Fulano207,207
Fulano208,208
Fulano209,209
Fulano210,210
Fulano211,211
Fulano212,212
Fulano213,213
Fulano214,214
Fulano215,215
Fulano216,216
Fulano217,217
Fulano218,218
Fulano219,219
Fulano220,220
Fulano221,221
Fulano222,222
Fulano223,223
Fulano224,224
Fulano225,225
Fulano226,226
Fulano227,227
Fulano228,228
Fulano229,229
Fulano230,230
Fulano231,231
Fulano232,232
Fulano233,233
Fulano234,234
Fulano235,235
Fulano236,236
Fulano237,237
Fulano238,238
Fulano239,239
Fulano240,240
Fulano241,241
Fulano242,242
Fulano243,243
Fulano244,244
Fulano245,245
Fulano246,246
Fulano247,247
Fulano248,248
Fulano249,249
Fulano250,250
Fulano251,251
Fulano252,252
Fulano253,253
Fulano254,254
Fulano255,255
Fulano256,256
Fulano257,257
Fulano258,258
Fulano259,259
Fulano260,260
Fulano261,261
Fulano262,262
Fulano263,263
Fulano264,264
Fulano265,265
Fulano266,266
Fulano267,267
Fulano268,268
Fulano269,269
Fulano270,270
Fulano271,271
Fulano272,272
Fulano273,273
Fulano274,274
Fulano275,275
Fulano276,276
Fulano277,277
Fulano278,278
Fulano279,279
Fulano280,280
Fulano281,281
Fulano282,282
Fulano283,283
Fulano284,284
Fulano285,285
Fulano286,286
Fulano287,287
Fulano288,288
Fulano289,289
Fulano290,290
Fulano291,291
Fulano292,292
Fulano293,293
Fulano294,294
Fulano295,295
Fulano296,296
Fulano297,297
Fulano298,298
Fulano299,299
Fulano300,300
Fulano301,301
Fulano302,302
Fulano303,303
Fulano304,304
Fulano305,305
Fulano306,306
Fulano307,307
Fulano308,308
Fulano309,309
Fulano310,310
Fulano311,311
Fulano312,312
Fulano313,313
Fulano314,314
Fulano315,315
Fulano316,316
Fulano317,317
Fulano318,318
Fulano319,319
Fulano320,320
Fulano321,321
Fulano322,322
Fulano323,323
Fulano324,324
Fulano325,325
Fulano326,326
Fulano327,327
Fulano328,328
Fulano329,329
Fulano330,330
Fulano331,331
Fulano332,332
Fulano333,333
Fulano334,334
Fulano335,335
Fulano336,336
Fulano337,337
Fulano338,338
Fulano339,339
Fulano340,340
Fulano341,341
Fulano342,342
Fulano343,343
Fulano344,344
Fulano345,345
Fulano346,346
Fulano347,347
Fulano348,348
Fulano349,349
Fulano350,350
Fulano351,351
Fulano352,352
Fulano353,353
Fulano354,354
Fulano355,355
Fulano356,356
Fulano357,357
Fulano358,358
Fulano359,359
Fulano360,360
Fulano361,361
Fulano362,362
Fulano363,363
Fulano364,364
Fulano365,365
Fulano366,366
Fulano367,367
Fulano368,368
Fulano369,369
Fulano370,370
Fulano371,371
Fulano372,372
Fulano373,373
Fulano374,374
Fulano375,375
Fulano376,376
Fulano377,377
Fulano378,378
Fulano379,379
Fulano380,380
Fulano381,381
Fulano382,382
Fulano383,383
Fulano384,384
Fulano385,385
Fulano386,386
Fulano387,387
Fulano388,388
Fulano389,389
Fulano390,390
Fulano391,391
Fulano392,392
Fulano393,393
Fulano394,394
Fulano395,395
Fulano396,396
Fulano397,397
Fulano398,398
Fulano399,399
Fulano400,400
Fulano401,401
Fulano402,402
Fulano403,403
Fulano404,404
Fulano405,405
Fulano406,406
Fulano407,407
Fulano408,408
Fulano409,409
Fulano410,410
Fulano411,411
Fulano412,412
Fulano413,413
Fulano414,414
Fulano415,415
Fulano416,416
Fulano417,417
Fulano418,418
Fulano419,419
Fulano420,420
Fulano421,421
Fulano422,422
Fulano423,423
Fulano424,424
Fulano425,425
Fulano426,426
Fulano427,427
Fulano428,428
Fulano429,429
Fulano430,430
Fulano431,431
Fulano432,432
Fulano433,433
Fulano434,434
Fulano435,435
Fulano436,436
Fulano437,437
Fulano438,438
Fulano439,439
Fulano440,440
Fulano441,441
Fulano442,442
Fulano443,443
Fulano444,444
Fulano445,445
Fulano446,446
Fulano447,447
Fulano448,448
Fulano449,449
Fulano450,450
Fulano451,451
Fulano452,452
Fulano453,453
Fulano454,454
Fulano455,455
Fulano456,456
Fulano457,457
Fulano458,458
Fulano459,459
Fulano460,460
Fulano461,461
Fulano462,462
Fulano463,463
Fulano464,464
Fulano465,465
Fulano466,466
Fulano467,467
Fulano468,468
Fulano469,469
Fulano470,470
Fulano471,471
Fulano472,472
Fulano473,473
Fulano474,474
Fulano475,475
Fulano476,476
Fulano477,477
Fulano478,478
Fulano479,479
Fulano480,480
Fulano481,481
Fulano482,482
Fulano483,483
Fulano484,484
Fulano485,485
Fulano486,486
Fulano487,487
Fulano488,488
Fulano489,489
Fulano490,490
Fulano491,491
Fulano492,492
Fulano493,493
Fulano494,494
Fulano495,495
Fulano496,496
Fulano497,497
Fulano498,498
Fulano499,499
Fulano500,500
Fulano501,501
Fulano502,502
Fulano503,503
Fulano504,504
Fulano505,505
Fulano506,506
Fulano507,507
Fulano508,508
Fulano509,509
Fulano510,510
Fulano511,511
Fulano512,512
Fulano513,513
Fulano514,514
Fulano515,515
Fulano516,516
Fulano517,517
Fulano518,518
Fulano519,519
Fulano520,520
Fulano521,521
Fulano522,522
Fulano523,523
Fulano524,524
Fulano525,525
Fulano526,526
Fulano527,527
Fulano528,528
Fulano529,529
Fulano530,530
Fulano531,531
Fulano532,532
Fulano533,533
Fulano534,534
Fulano535,535
Fulano536,536
Fulano537,537
Fulano538,538
Fulano539,539
Fulano540,540
Fulano541,541
Fulano542,542
Fulano543,543
Fulano544,544
Fulano545,545
Fulano546,546
Fulano547,547
Fulano548,548
Fulano549,549
Fulano550,550
Fulano551,551
Fulano552,552
Fulano553,553
Fulano554,554
Fulano555,555
Fulano556,556
Fulano557,557
Fulano558,558
Fulano559,559
Fulano560,560
Fulano561,561
Fulano562,562
Fulano563,563
Fulano564,564
Fulano565,565
Fulano566,566
Fulano567,567
Fulano568,568
Fulano569,569
Fulano570,570
Fulano571,571
Fulano572,572
Fulano573,573
Fulano574,574
Fulano575,575
Fulano576,576
Fulano577,577
Fulano578,578
Fulano579,579
Fulano580,580
Fulano581,581
Fulano582,582
Fulano583,583
Fulano584,584
Fulano585,585
Fulano586,586
Fulano587,587
Fulano588,588
Fulano589,589
Fulano590,590
Fulano591,591
Fulano592,592
Fulano593,593
Fulano594,594
Fulano595,595
Fulano596,596
Fulano597,597
Fulano598,598
Fulano599,599
Fulano600,600
Fulano601,601
Fulano602,602
Fulano603,603
Fulano604,604
Fulano605,605
Fulano606,606
Fulano607,607
Fulano608,608
Fulano609,609
Fulano610,610
Fulano611,611
Fulano612,612
Fulano613,613
Fulano614,614
Fulano615,615
Fulano616,616
Fulano617,617
Fulano618,618
Fulano619,619
Fulano620,620
Fulano621,621
Fulano622,622
Fulano623,623
Fulano624,624
Fulano625,625
Fulano626,626
Fulano627,627
Fulano628,628
Fulano629,629
Fulano630,630
Fulano631,631
Fulano632,632
Fulano633,633
Fulano634,634
Fulano635,635
Fulano636,636