Fulano 1,1,Conta Corrente,0
Fulano 2,2,Conta Poupança,0
Fulano 3,3,Conta Poupança,0
Fulano 4,4,Conta Poupança,0
Fulano 5,5,Conta Poupança,0
Fulano 6,6,Conta Corrente,0
Fulano 7,7,Conta Corrente,0
Fulano 8,8,Conta Poupança,0
Fulano 9,9,Conta Corrente,0
Fulano 10,10,Conta Poupança,0
Fulano 11,11,Conta Corrente,0
Fulano 12,12,Conta Poupança,0
Fulano 13,13,Conta Poupança,0
Fulano 14,14,Conta Poupança,0
Fulano 15,15,Conta Poupança,0
Fulano 16,16,Conta Corrente,0
Fulano 17,17,Conta Corrente,0
Fulano 18,18,Conta Poupança,0
Fulano 19,19,Conta Corrente,0
Fulano 20,20,Conta Poupança,0
Fulano 21,21,Conta Corrente,0
Fulano 22,22,Conta Poupança,0
Fulano 23,23,Conta Poupança,0
Fulano 24,24,Conta Poupança,0
Fulano 25,25,Conta Poupança,0
Fulano 26,26,Conta Corrente,0
Fulano 27,27,Conta Corrente,0
Fulano 28,28,Conta Poupança,0
Fulano 29,29,Conta Corrente,0
Fulano 30,30,Conta Poupança,0
Fulano 31,31,Conta Corrente,0
Fulano 32,32,Conta Poupança,0
Fulano 33,33,Conta Poupança,0
Fulano 34,34,Conta Poupança,0
Fulano 35,35,Conta Poupança,0
Fulano 36,36,Conta Corrente,0
Fulano 37,37,Conta Corrente,0
Fulano 38,38,Conta Poupança,0
Fulano 39,39,Conta Corrente,0
Fulano 40,40,Conta Poupança,0
Fulano 41,41,Conta Corrente,0
Fulano 42,42,Conta Poupança,0
Fulano 43,43,Conta Poupança,0
Fulano 44,44,Conta Poupança,0
Fulano 45,45,Conta Poupança,0
Fulano 46,46,Conta Corrente,0
Fulano 47,47,Conta Corrente,0
Fulano 48,48,Conta Poupança,0
Fulano 49,49,Conta Corrente,0
Fulano 50,50,Conta Poupança,0
Fulano 51,51,Conta Corrente,0
Fulano 52,52,Conta Poupança,0
Fulano 53,53,Conta Poupança,0
Fulano 54,54,Conta Poupança,0
Fulano 55,55,Conta Poupança,0
Fulano 56,56,Conta Corrente,0
Fulano 57,57,Conta Corrente,0
Fulano 58,58,Conta Poupança,0
Fulano 59,59,Conta Corrente,0
Fulano 60,60,Conta Poupança,0
Fulano 61,61,Conta Corrente,0
Fulano 62,62,Conta Poupança,0
Fulano 63,63,Conta Poupança,0
Fulano 64,64,Conta Poupança,0
Fulano 65,65,Conta Poupança,0
Fulano 66,66,Conta Corrente,0
Fulano 67,67,Conta Corrente,0
Fulano 68,68,Conta Poupança,0
Fulano 69,69,Conta Corrente,0
Fulano 70,70,Conta Poupança,0
Fulano 71,71,Conta Corrente,0
Fulano 72,72,Conta Poupança,0
Fulano 73,73,Conta Poupança,0
Fulano 74,74,Conta Poupança,0
Fulano 75,75,Conta Poupança,0
Fulano 76,76,Conta Corrente,0
Fulano 77,77,Conta Corrente,0
Fulano 78,78,Conta Poupança,0
Fulano 79,79,Conta Corrente,0
Fulano 80,80,Conta Poupança,0
Fulano 81,81,Conta Corrente,0
Fulano 82,82,Conta Poupança,0
Fulano 83,83,Conta Poupança,0
Fulano 84,84,Conta Poupança,0
Fulano 85,85,Conta Poupança,0
Fulano 86,86,Conta Corrente,0
Fulano 87,87,Conta Corrente,0
Fulano 88,88,Conta Poupança,0
Fulano 89,89,Conta Corrente,0
Fulano 90,90,Conta Poupança,0
Fulano 91,91,Conta Corrente,0
Fulano 92,92,Conta Poupança,0
Fulano 93,93,Conta Poupança,0
Fulano 94,94,Conta Poupança,0
Fulano 95,95,Conta Poupança,0
Fulano 96,96,Conta Corrente,0
Fulano 97,97,Conta Corrente,0
Fulano 98,98,Conta Poupança,0
Fulano 99,99,Conta Corrente,0
Fulano 100,100,Conta Poupança,0
Fulano 101,101,Conta Corrente,0
Fulano 102,102,Conta Poupança,0
Fulano 103,103,Conta Poupança,0
Fulano 104,104,Conta Poupança,0
Fulano 105,105,Conta Poupança,0
Fulano 106,106,Conta Corrente,0
Fulano 107,107,Conta Corrente,0
Fulano 108,108,Conta Poupança,0
Fulano 109,109,Conta Corrente,0
Fulano 110,110,Conta Poupança,0
Fulano 111,111,Conta Corrente,0
Fulano 112,112,Conta Poupança,0
Fulano 113,113,Conta Poupança,0
Fulano 114,114,Conta Poupança,0
Fulano 115,115,Conta Poupança,0
Fulano 116,116,Conta Corrente,0
Fulano 117,117,Conta Corrente,0
Fulano 118,118,Conta Poupança,0
Fulano 119,119,Conta Corrente,0
Fulano 120,120,Conta Poupança,0
Fulano 121,121,Conta Corrente,0
Fulano 122,122,Conta Poupança,0
Fulano 123,123,Conta Poupança,0
Fulano 124,124,Conta Poupança,0
Fulano 125,125,Conta Poupança,0
Fulano 126,126,Conta Corrente,0
Fulano 127,127,Conta Corrente,0
Fulano 128,128,Conta Poupança,0
Fulano 129,129,Conta Corrente,0
Fulano 130,130,Conta Poupança,0
Fulano 131,131,Conta Corrente,0
Fulano 132,132,Conta Poupança,0
Fulano 133,133,Conta Poupança,0
Fulano 134,134,Conta Poupança,0
Fulano 135,135,Conta Poupança,0
Fulano 136,136,Conta Corrente,0
Fulano 137,137,Conta Corrente,0
Fulano 138,138,Conta Poupança,0
Fulano 139,139,Conta Corrente,0
Fulano 140,140,Conta Poupança,0
Fulano 141,141,Conta Corrente,0
Fulano 142,142,Conta Poupança,0
Fulano 143,143,Conta Poupança,0
Fulano 144,144,Conta Poupança,0
Fulano 145,145,Conta Poupança,0
Fulano 146,146,Conta Corrente,0
Fulano 147,147,Conta Corrente,0
Fulano 148,148,Conta Poupança,0
Fulano 149,149,Conta Corrente,0
Fulano 150,150,Conta Poupança,0
Fulano 151,151,Conta Corrente,0
Fulano 152,152,Conta Poupança,0
Fulano 153,153,Conta Poupança,0
Fulano 154,154,Conta Poupança,0
Fulano 155,155,Conta Poupança,0
Fulano 156,156,Conta Corrente,0
Fulano 157,157,Conta Corrente,0
Fulano 158,158,Conta Poupança,0
Fulano 159,159,Conta Corrente,0
Fulano 160,160,Conta Poupança,0
Fulano 161,161,Conta Corrente,0
Fulano 162,162,Conta Poupança,0
Fulano 163,163,Conta Poupança,0
Fulano 164,164,Conta Poupança,0
Fulano 165,165,Conta Poupança,0
Fulano 166,166,Conta Corrente,0
Fulano 167,167,Conta Corrente,0
Fulano 168,168,Conta Poupança,0
Fulano 169,169,Conta Corrente,0
Fulano 170,170,Conta Poupança,0
Fulano 171,171,Conta Corrente,0
Fulano 172,172,Conta Poupança,0
Fulano 173,173,Conta Poupança,0
Fulano 174,174,Conta Poupança,0
Fulano 175,175,Conta Poupança,0
Fulano 176,176,Conta Corrente,0
Fulano 177,177,Conta Corrente,0
Fulano 178,178,Conta Poupança,0
Fulano 179,179,Conta Corrente,0
Fulano 180,180,Conta Poupança,0
Fulano 181,181,Conta Corrente,0
Fulano 182,182,Conta Poupança,0
Fulano 183,183,Conta Poupança,0
Fulano 184,184,Conta Poupança,0
Fulano 185,185,Conta Poupança,0
Fulano 186,186,Conta Corrente,0
Fulano 187,187,Conta Corrente,0
Fulano 188,188,Conta Poupança,0
Fulano 189,189,Conta Corrente,0
Fulano 190,190,Conta Poupança,0
Fulano 191,191,Conta Corrente,0
Fulano 192,192,Conta Poupança,0
Fulano 193,193,Conta Poupança,0
Fulano 194,194,Conta Poupança,0
Fulano 195,195,Conta Poupança,0
Fulano 196,196,Conta Corrente,0
Fulano 197,197,Conta Corrente,0
Fulano 198,198,Conta Poupança,0
Fulano 199,199,Conta Corrente,0
Fulano 200,200,Conta Poupança,0
Fulano 201,201,Conta Corrente,0
Fulano 202,202,Conta Poupança,0
Fulano 203,203,Conta Poupança,0
Fulano 204,204,Conta Poupança,0
Fulano 205,205,Conta Poupança,0
Fulano 206,206,Conta Corrente,0
Fulano 207,207,Conta Corrente,0
Fulano 208,208,Conta Poupança,0
Fulano 209,209,Conta Corrente,0
Fulano 210,210,Conta Poupança,0
Fulano 211,211,Conta Corrente,0
Fulano 212,212,Conta Poupança,0
Fulano 213,213,Conta Poupança,0
Fulano 214,214,Conta Poupança,0
Fulano 215,215,Conta Poupança,0
Fulano 216,216,Conta Corrente,0
Fulano 217,217,Conta Corrente,0
Fulano 218,218,Conta Poupança,0
Fulano 219,219,Conta Corrente,0
Fulano 220,220,Conta Poupança,0
Fulano 221,221,Conta Corrente,0
Fulano 222,222,Conta Poupança,0
Fulano 223,223,Conta Poupança,0
Fulano 224,224,Conta Poupança,0
Fulano 225,225,Conta Poupança,0
Fulano 226,226,Conta Corrente,0
Fulano 227,227,Conta Corrente,0
Fulano 228,228,Conta Poupança,0
Fulano 229,229,Conta Corrente,0
Fulano 230,230,Conta Poupança,0
Fulano 231,231,Conta Corrente,0
Fulano 232,232,Conta Poupança,0
Fulano 233,233,Conta Poupança,0
Fulano 234,234,Conta Poupança,0
Fulano 235,235,Conta Poupança,0
Fulano 236,236,Conta Corrente,0
Fulano 237,237,Conta Corrente,0
Fulano 238,238,Conta Poupança,0
Fulano 239,239,Conta Corrente,0
Fulano 240,240,Conta Poupança,0
Fulano 241,241,Conta Corrente,0
Fulano 242,242,Conta Poupança,0
Fulano 243,243,Conta Poupança,0
Fulano 244,244,Conta Poupança,0
Fulano 245,245,Conta Poupança,0
Fulano 246,246,Conta Corrente,0
Fulano 247,247,Conta Corrente,0
Fulano 248,248,Conta Poupança,0
Fulano 249,249,Conta Corrente,0
Fulano 250,250,Conta Poupança,0
Fulano 251,251,Conta Corrente,0
Fulano 252,252,Conta Poupança,0
Fulano 253,253,Conta Poupança,0
Fulano 254,254,Conta Poupança,0
Fulano 255,255,Conta Poupança,0
Fulano 256,256,Conta Corrente,0
Fulano 257,257,Conta Corrente,0
Fulano 258,258,Conta Poupança,0
Fulano 259,259,Conta Corrente,0
Fulano 260,260,Conta Poupança,0
Fulano 261,261,Conta Corrente,0
Fulano 262,262,Conta Poupança,0
Fulano 263,263,Conta Poupança,0
Fulano 264,264,Conta Poupança,0
Fulano 265,265,Conta Poupança,0
Fulano 266,266,Conta Corrente,0
Fulano 267,267,Conta Corrente,0
Fulano 268,268,Conta Poupança,0
Fulano 269,269,Conta Corrente,0
Fulano 270,270,Conta Poupança,0
Fulano 271,271,Conta Corrente,0
Fulano 272,272,Conta Poupança,0
Fulano 273,273,Conta Poupança,0
Fulano 274,274,Conta Poupança,0
Fulano 275,275,Conta Poupança,0
Fulano 276,276,Conta Corrente,0
Fulano 277,277,Conta Corrente,0
Fulano 278,278,Conta Poupança,0
Fulano 279,279,Conta Corrente,0
Fulano 280,280,Conta Poupança,0
Fulano 281,281,Conta Corrente,0
Fulano 282,282,Conta Poupança,0
Fulano 283,283,Conta Poupança,0
Fulano 284,284,Conta Poupança,0
Fulano 285,285,Conta Poupança,0
Fulano 286,286,Conta Corrente,0
Fulano 287,287,Conta Corrente,0
Fulano 288,288,Conta Poupança,0
Fulano 289,289,Conta Corrente,0
Fulano 290,290,Conta Poupança,0
Fulano 291,291,Conta Corrente,0
Fulano 292,292,Conta Poupança,0
Fulano 293,293,Conta Poupança,0
Fulano 294,294,Conta Poupança,0
Fulano 295,295,Conta Poupança,0
Fulano 296,296,Conta Corrente,0
Fulano 297,297,Conta Corrente,0
Fulano 298,298,Conta Poupança,0
Fulano 299,299,Conta Corrente,0
Fulano 300,300,Conta Poupança,0
Fulano 301,301,Conta Corrente,0
Fulano 302,302,Conta Poupança,0
Fulano 303,303,Conta Poupança,0
Fulano 304,304,Conta Poupança,0
Fulano 305,305,Conta Poupança,0
Fulano 306,306,Conta Corrente,0
Fulano 307,307,Conta Corrente,0
Fulano 308,308,Conta Poupança,0
Fulano 309,309,Conta Corrente,0
Fulano 310,310,Conta Poupança,0
Fulano 311,311,Conta Corrente,0
Fulano 312,312,Conta Poupança,0
Fulano 313,313,Conta Poupança,0
Fulano 314,314,Conta Poupança,0
Fulano 315,315,Conta Poupança,0
Fulano 316,316,Conta Corrente,0
Fulano 317,317,Conta Corrente,0
Fulano 318,318,Conta Poupança,0
Fulano 319,319,Conta Corrente,0
Fulano 320,320,Conta Poupança,0
Fulano 321,321,Conta Corrente,0
Fulano 322,322,Conta Poupança,0
Fulano 323,323,Conta Poupança,0
Fulano 324,324,Conta Poupança,0
Fulano 325,325,Conta Poupança,0
Fulano 326,326,Conta Corrente,0
Fulano 327,327,Conta Corrente,0
Fulano 328,328,Conta Poupança,0
Fulano 329,329,Conta Corrente,0
Fulano 330,330,Conta Poupança,0
Fulano 331,331,Conta Corrente,0
Fulano 332,332,Conta Poupança,0
Fulano 333,333,Conta Poupança,0
Fulano 334,334,Conta Poupança,0
Fulano 335,335,Conta Poupança,0
Fulano 336,336,Conta Corrente,0
Fulano 337,337,Conta Corrente,0
Fulano 338,338,Conta Poupança,0
Fulano 339,339,Conta Corrente,0
Fulano 340,340,Conta Poupança,0
Fulano 341,341,Conta Corrente,0
Fulano 342,342,Conta Poupança,0
Fulano 343,343,Conta Poupança,0
Fulano 344,344,Conta Poupança,0
Fulano 345,345,Conta Poupança,0
Fulano 346,346,Conta Corrente,0
Fulano 347,347,Conta Corrente,0
Fulano 348,348,Conta Poupança,0
Fulano 349,349,Conta Corrente,0
Fulano 350,350,Conta Poupança,0
Fulano 351,351,Conta Corrente,0
Fulano 352,352,Conta Poupança,0
Fulano 353,353,Conta Poupança,0
Fulano 354,354,Conta Poupança,0
Fulano 355,355,Conta Poupança,0
Fulano 356,356,Conta Corrente,0
Fulano 357,357,Conta Corrente,0
Fulano 358,358,Conta Poupança,0
Fulano 359,359,Conta Corrente,0
Fulano 360,360,Conta Poupança,0
Fulano 361,361,Conta Corrente,0
Fulano 362,362,Conta Poupança,0
Fulano 363,363,Conta Poupança,0
Fulano 364,364,Conta Poupança,0
Fulano 365,365,Conta Poupança,0
Fulano 366,366,Conta Corrente,0
Fulano 367,367,Conta Corrente,0
Fulano 368,368,Conta Poupança,0
Fulano 369,369,Conta Corrente,0
Fulano 370,370,Conta Poupança,0
Fulano 371,371,Conta Corrente,0
Fulano 372,372,Conta Poupança,0
Fulano 373,373,Conta Poupança,0
Fulano 374,374,Conta Poupança,0
Fulano 375,375,Conta Poupança,0
Fulano 376,376,Conta Corrente,0
Fulano 377,377,Conta Corrente,0
Fulano 378,378,Conta Poupança,0
Fulano 379,379,Conta Corrente,0
Fulano 380,380,Conta Poupança,0
Fulano 381,381,Conta Corrente,0
Fulano 382,382,Conta Poupança,0
Fulano 383,383,Conta Poupança,0
Fulano 384,384,Conta Poupança,0
Fulano 385,385,Conta Poupança,0
Fulano 386,386,Conta Corrente,0
Fulano 387,387,Conta Corrente,0
Fulano 388,388,Conta Poupança,0
Fulano 389,389,Conta Corrente,0
Fulano 390,390,Conta Poupança,0
Fulano 391,391,Conta Corrente,0
Fulano 392,392,Conta Poupança,0
Fulano 393,393,Conta Poupança,0
Fulano 394,394,Conta Poupança,0
Fulano 395,395,Conta Poupança,0
Fulano 396,396,Conta Corrente,0
Fulano 397,397,Conta Corrente,0
Fulano 398,398,Conta Poupança,0
Fulano 399,399,Conta Corrente,0
Fulano 400,400,Conta Poupança,0
Fulano 401,401,Conta Corrente,0
Fulano 402,402,Conta Poupança,0
Fulano 403,403,Conta Poupança,0
Fulano 404,404,Conta Poupança,0
Fulano 405,405,Conta Poupança,0
Fulano 406,406,Conta Corrente,0
Fulano 407,407,Conta Corrente,0
Fulano 408,408,Conta Poupança,0
Fulano 409,409,Conta Corrente,0
Fulano 410,410,Conta Poupança,0
Fulano 411,411,Conta Corrente,0
Fulano 412,412,Conta Poupança,0
Fulano 413,413,Conta Poupança,0
Fulano 414,414,Conta Poupança,0
Fulano 415,415,Conta Poupança,0
Fulano 416,416,Conta Corrente,0
Fulano 417,417,Conta Corrente,0
Fulano 418,418,Conta Poupança,0
Fulano 419,419,Conta Corrente,0
Fulano 420,420,Conta Poupança,0
Fulano 421,421,Conta Corrente,0
Fulano 422,422,Conta Poupança,0
Fulano 423,423,Conta Poupança,0
Fulano 424,424,Conta Poupança,0
Fulano 425,425,Conta Poupança,0
Fulano 426,426,Conta Corrente,0
Fulano 427,427,Conta Corrente,0
Fulano 428,428,Conta Poupança,0
Fulano 429,429,Conta Corrente,0
Fulano 430,430,Conta Poupança,0
Fulano 431,431,Conta Corrente,0
Fulano 432,432,Conta Poupança,0
Fulano 433,433,Conta Poupança,0
Fulano 434,434,Conta Poupança,0
Fulano 435,435,Conta Poupança,0
Fulano 436,436,Conta Corrente,0
Fulano 437,437,Conta Corrente,0
Fulano 438,438,Conta Poupança,0
Fulano 439,439,Conta Corrente,0
Fulano 440,440,Conta Poupança,0
Fulano 441,441,Conta Corrente,0
Fulano 442,442,Conta Poupança,0
Fulano 443,443,Conta Poupança,0
Fulano 444,444,Conta Poupança,0
Fulano 445,445,Conta Poupança,0
Fulano 446,446,Conta Corrente,0
Fulano 447,447,Conta Corrente,0
Fulano 448,448,Conta Poupança,0